{
  "precision": 0.1404494382022472,
  "recall": 0.24379432624113476,
  "f1_score": 0.1782242384964355,
  "roc_auc": 0.6753536851521175,
  "silhouette_score": 0.42915521052831807,
  "accuracy": 0.8591111111111112,
  "confusion_matrix": {
    "true_negative": 15189,
    "false_positive": 1683,
    "false_negative": 853,
    "true_positive": 275
  },
  "predictions_stats": {
    "total_samples": 18000,
    "predicted_anomalies": 1958,
    "predicted_normal": 16042,
    "anomaly_rate": 0.10877777777777778
  },
  "true_labels_stats": {
    "total_samples": 18000,
    "true_anomalies": 1128,
    "true_normal": 16872,
    "true_anomaly_rate": 0.06266666666666666
  },
  "classification_report": {
    "Normal": {
      "precision": 0.9468270789178407,
      "recall": 0.9002489331436699,
      "f1-score": 0.9229507200583338,
      "support": 16872.0
    },
    "Anomaly": {
      "precision": 0.1404494382022472,
      "recall": 0.24379432624113476,
      "f1-score": 0.1782242384964355,
      "support": 1128.0
    },
    "accuracy": 0.8591111111111112,
    "macro avg": {
      "precision": 0.5436382585600439,
      "recall": 0.5720216296924023,
      "f1-score": 0.5505874792773846,
      "support": 18000.0
    },
    "weighted avg": {
      "precision": 0.8962940800996634,
      "recall": 0.8591111111111112,
      "f1-score": 0.8762811938804549,
      "support": 18000.0
    }
  }
}